{"cameraMode":{"drawMode":0,"name":"Shaded","section":"Shading Mode"},"sceneLighting":true,"audioPlay":false,"sceneViewState":{"showFog":true,"showMaterialUpdate":true,"showSkybox":true,"showFlares":true,"showImageEffects":true,"showParticleSystems":true,"showVisualEffectGraphs":true,"m_FxEnabled":true},"in2DMode":false,"pivot":{"x":-14.819999694824219,"y":2.549999952316284,"z":-0.25183284282684328},"rotation":{"x":0.5293799042701721,"y":0.45833757519721987,"z":-0.4206107556819916,"w":0.5768658518791199},"size":16.181964874267579,"orthographic":true}